gene	pLI	LOEUF	mis_z	syn_z	n_exons	cds_length	gtex_blood	gtex_brain	gtex_liver	omim_disease	essential_gene
BRCA1	0.6340168377342148	1.053458744843973	0.9362207314869815	-0.6024074554768223	19	6222	7.487341500940639	6.555174078891113	12.442718413829843	1	0
BRCA2	0.4640938700670492	0.6172625845124073	2.70414867957701	0.4733332322560752	14	9263	7.287709475540032	3.2565363260927924	10.891570066783878	0	0
TP53	0.5496128391765933	0.8050257721792098	-0.18381154702622704	-0.555101164801933	31	3670	1.79499143390224	5.99166092506025	5.8386479413227494	1	0
PTEN	0.3286661594329641	1.862634777403467	0.7496503305638023	-2.1019282224537186	16	6701	5.28939124429749	7.920205681390393	2.1802014590327383	0	0
MLH1	0.6504334464690212	0.6299118355920661	1.4268714314622202	0.7599038936801524	2	8744	3.239657472175641	0.0	1.5188041594680382	0	0
MSH2	0.39518612892179994	1.1865465061515623	0.06264053678131785	-0.20897680805236019	26	13213	8.026570947093754	3.9180303593930885	0.0	0	0
APC	0.21497786073788322	1.6904594368216077	0.32738564004762644	0.9694348745607243	3	6407	3.4351823707736755	3.838860831488809	11.112097841667977	0	1
VHL	0.4369360473623824	0.26144102745271125	0.24591646257744595	0.04790132330375366	65	14888	5.172477256371961	0.7120858026902672	2.262977062679073	1	0
RET	0.7615771305532445	0.23866284198401733	0.1041264807788063	-1.0801671802549953	27	497	5.750337911774713	8.41347156760958	3.8533599766187794	0	1
MEN1	0.4234957797018778	0.6625015578064779	0.0057441265667470195	-1.5305256466131645	68	14520	2.02243711009823	0.0	0.621486372915947	0	0
TSC1	0.1742562774337527	1.509663089730419	-0.30519899997594957	0.159132759350847	44	8118	3.2260058479808826	0.2911690564935996	18.709405107337776	0	0
TSC2	0.3510824869124302	1.0988897577585783	0.6950119012990345	0.5883499516483822	72	6236	3.8383529931013083	2.3303408992255794	4.339812284020931	1	0
NF1	0.3327523610693158	0.7472888340006876	-0.6112902552614491	-1.8575461149748032	65	5615	0.03498705944535452	5.506880185660064	9.000203605660682	0	0
NF2	0.6490202083834622	0.5730906887110134	-1.4417417446465786	-0.9998897765311825	15	11380	2.395615930935596	3.9753266127855285	14.636197037277093	0	0
SMAD4	0.5085413165385375	0.06491588345929977	0.771503638979923	-0.6270182809832182	30	6419	5.81507833965486	6.411915167365439	0.0	1	0
PALB2	0.24958868365782225	0.19400072817610647	1.0819470063554615	0.07666359982081596	77	2511	3.744467633025997	3.198150535247061	4.849059322672125	0	0
ATM	0.29196788726485723	1.0329897305340854	-0.37125278969166386	-0.030801320856867175	52	5976	3.0330871602997815	6.939835288091778	12.349910941962658	0	0
CHEK2	0.5668661525036066	0.20393506748812862	0.451658373699151	-0.35381856318407456	28	10661	4.5240869075543735	3.7041519325059196	8.126200514688442	0	0
CDH1	0.21347159754499215	1.6769584253424423	-0.580031111008816	0.19547551928534218	43	10922	6.220349484803874	0.14380029473333256	3.715342247941413	1	0
STK11	0.7134939143672233	0.7180243689358636	-0.6333685382645883	1.0684845155488378	61	2720	3.875266752271759	6.252270545925277	7.713989378685507	0	0
MUTYH	0.8061540631732236	0.3000975885864301	-2.056718230403087	-0.8331826259803717	22	2572	6.004198288656507	4.8319943988693606	11.04302785055243	0	1
EPCAM	0.37601025510659336	1.3366176734374589	-2.1026181352076927	2.0426751930782614	76	10808	8.964368603011772	3.9072803648720225	6.04336733416192	0	0
RAD51C	0.28834117144787036	1.2921292530916064	-0.04436949825969478	-0.4633324999199873	52	581	0.057346395742717604	5.234809136853199	5.885297209621257	1	0
RAD51D	0.3629726425611897	0.5363922006592516	-0.2778048307538308	1.5587786452075936	34	6960	5.633621134283967	7.379680801426656	13.466325498053958	0	0
BARD1	0.38288283158816516	0.30403402011248426	-1.369179901412725	-0.959704012673448	22	666	1.2279060760182023	2.2323482748439716	1.3377932040454255	0	0
BRIP1	0.4356007258254341	0.6691595312551875	-1.0781063313910322	0.6070175281629273	79	4011	8.757851435978361	1.8491513238715793	3.670058934266805	0	0
NBN	0.6124299735215671	1.0065366563347993	0.5641522377586227	1.0722976963794453	28	4283	3.576813929317482	1.3268586341660265	3.1297460608021526	1	0
RECQL	0.8738920500148822	1.2182633222056434	0.17396519560752613	-0.4143756114064423	13	1271	4.053260355455333	6.402925661393435	6.293655598675836	0	1
FANCD2	0.6479923289377838	0.15149542206639866	-1.3265090379587787	-0.9335218082852651	76	6407	0.0	7.155627591168415	13.681199174210786	0	0
FANCA	0.3435475211434482	0.7787216625943432	-0.2930009712991036	-1.8395644483251437	42	13735	8.410347379822255	0.0	5.765894445455114	1	0
GENE_0000	0.5649061598383167	1.7158566527075143	0.8847759252563495	-0.21318264295589726	19	2020	1.643208791322364	0.0	6.070195271800087	0	0
GENE_0001	0.35957340104423996	1.4840135477311944	0.3865740465610477	0.8639964444056838	56	8572	6.032466735460288	1.233013529071477	5.339166790859079	0	0
GENE_0002	0.6725283025079802	1.0346362987815276	1.1119937225085577	1.2031721975680727	24	10674	10.357954365547478	3.973343491675585	0.056216239316694505	0	1
GENE_0003	0.31037456321935275	0.8333395045074594	-0.9710640382742447	0.6879471460113229	11	5058	1.2028570321373833	1.111660808004061	8.479279164116186	0	0
GENE_0004	0.7365760478176376	1.7082671371603784	-2.3278683964056412	0.787103012434818	78	5274	4.412846808322973	9.079049503485356	5.67065634040889	1	0
GENE_0005	0.7287291888978945	1.7278395145586969	-0.9309728542410689	0.09552809808286901	22	6860	0.0	6.822564596093216	1.4214320637008546	0	0
GENE_0006	0.5367236265838397	0.7252506371610359	-1.1449973062979388	0.138987959891632	12	717	2.499425743894012	6.954090756506609	6.643724675656955	0	0
GENE_0007	0.0548094417523346	1.0460793204075791	-0.12254284429399143	0.467306691907582	3	12971	0.0	5.613247906493477	4.44897954936129	0	0
GENE_0008	0.5462350757687533	1.3026157901595223	0.07009285177528772	1.5166540303147853	5	8806	0.0	7.879834747252026	9.108309583914515	1	0
GENE_0009	0.1337754666923953	1.6670592394160257	0.8454099026747124	-0.7578469710438775	23	4017	0.9003039483956199	2.8803300231559295	14.589074826913459	1	0
GENE_0010	0.6168402853464551	0.4627720573679741	-1.505835564913594	0.9729692166837463	45	10713	4.260591795974612	2.4788975974078493	5.203670850878318	1	0
GENE_0011	0.8159376749049372	0.7673979638135324	1.0049792680637197	-1.1663339494599447	16	1750	4.801298447488574	8.137994325620099	6.725101676271078	0	0
GENE_0012	0.6802417041716752	0.9262456204008074	-0.11747191284687677	1.391592834454123	16	2335	1.134668268652523	3.6921445006020295	6.0376683991768	0	1
GENE_0013	0.6048169003796628	1.8789685354882628	1.8325963926411597	1.1640053708969407	45	7308	5.236157116691656	4.719080147285025	7.085193142598192	0	0
GENE_0014	0.577822867737962	0.6129647156664642	-1.7990986248679408	0.6526237868884468	27	8953	6.345796107316688	5.896803197937733	1.05991770622854	0	0
GENE_0015	0.5512011212208239	0.5469439400692893	0.8403381113030673	-1.3197128081543685	62	10284	5.282636875584689	4.230465396510002	9.860086157473892	1	0
GENE_0016	0.3685061637767219	0.272607954932081	0.2955279427549166	-0.14219736214796427	2	12771	3.3942487267745793	2.715751806090335	11.943678728058373	0	0
GENE_0017	0.26798208866537443	1.9837622507753172	1.082973116528461	-0.18059570372088535	64	10112	7.917534379116102	3.6961258211995482	10.31934000234593	0	0
GENE_0018	0.48437708610818414	1.1741200472485476	0.9096107039997157	0.7113255790820121	50	3834	5.958905493212664	1.247602907857004	8.010132858041269	1	0
GENE_0019	0.31360644488303224	0.3006889700674693	0.9286133314340055	-0.6804620941988162	2	9059	6.99024106981248	4.068579257964441	10.97606308628368	1	0
GENE_0020	0.25441170541923674	1.8198583932681978	-1.8683685529412177	0.3676537706511005	23	3355	6.794574813881222	4.050114218866904	2.6821569760347064	0	0
GENE_0021	0.3394144193167629	1.1533102100313417	0.11181231984023557	-0.47625330064901394	71	12044	7.671103956113398	1.453270514924693	12.810632126534147	1	0
GENE_0022	0.23099509808633115	0.04084152476837888	0.7477659471065392	-0.2679587956009187	9	14704	7.795390620642691	5.141911837776611	0.0	1	0
GENE_0023	0.467414396855503	0.48238609648988406	-0.8014345385101395	0.999649983774713	49	10328	9.953475947597735	1.6721407875193264	7.487510721288577	0	0
GENE_0024	0.5755072156933452	0.7732524591474264	0.16095602513450222	0.6862341794204647	15	12621	0.0	5.464346623889567	8.036686283792394	0	0
GENE_0025	0.47110457522649063	0.3863613609147327	-1.1893753470937738	-0.6616371424962793	12	6377	7.473220249083569	3.6946736486775875	6.80547020019019	0	0
GENE_0026	0.29942344128413656	0.6545355127996431	-0.5813073305430021	0.7057420344486883	79	4847	10.168900748794318	10.282635145570453	3.8451501852105534	0	0
GENE_0027	0.3955981604452816	0.8921065875065748	0.7378875566132688	-1.1375438444752104	38	9814	0.0	8.724449445269109	3.353948396119064	1	1
GENE_0028	0.9154282608244682	1.1100687115972583	0.18563434312595228	-0.8756358547418038	44	4823	0.0	8.366786455464856	0.0	0	0
GENE_0029	0.20430013635735422	1.3764581167765577	-0.004843751108689144	-1.3923792981068845	79	11905	4.186868171255952	1.5620525913549836	11.081219690877735	0	0
GENE_0030	0.32464415505296657	1.3550057159753797	0.6617806129655724	0.6464606100620806	29	6038	6.224865122874094	5.205137587866394	11.51101453566662	0	0
GENE_0031	0.4841606406158683	1.4230376461212386	-0.3129407081418548	-0.6490772410752226	28	1463	6.768472122149076	9.310354440309302	5.927154569442078	0	1
GENE_0032	0.3167699442304635	0.10189231251063635	0.17977528871856932	0.633324567872273	33	14834	0.0	3.811734709451686	5.442285226883506	1	0
GENE_0033	0.3999250135226093	0.12869745752466155	0.35570461219846916	-0.9923754675903413	9	12915	8.417353089648996	0.0	3.891666239235428	0	0
GENE_0034	0.6753125214306932	1.5521113255620909	-0.01257173484537926	-0.9554212603378964	71	1980	4.834116491102899	6.435311356335569	10.992718438446826	0	1
GENE_0035	0.31091000924070616	1.824212719684111	0.362959852543245	-1.2174584467192582	70	574	8.128488837821898	2.3722417337890422	5.193486859960137	0	0
GENE_0036	0.4574206364597789	1.8741485024788158	-0.5907999372586735	-0.610055054951467	78	2647	4.673752615164292	5.423547304498321	9.315769419042724	0	0
GENE_0037	0.10541639202194207	1.882816672668199	-0.4450336933063385	-1.3065147737963212	78	14171	5.733795034496848	4.747328144508659	1.382950067887906	0	0
GENE_0038	0.27212891275624446	1.7780428379420214	-1.0894363506123308	-0.7984965595446721	11	3199	8.50127043894301	6.853666212478618	6.954466437368508	1	0
GENE_0039	0.6352940275286735	1.8782659881767048	1.4012549071355003	0.6139144164690992	67	13797	10.53236063486736	7.497454857513922	11.94122339634083	0	1
GENE_0040	0.36662004720898633	1.8005661158813389	-2.5161760965100277	-0.5794888204711554	16	2760	3.620738303094848	2.482649111592222	15.686749682935767	0	1
GENE_0041	0.5086814068181549	0.7196458633672196	0.15460877990328728	-0.9190648276690125	4	7176	7.788660265007247	5.641641051755265	5.8142021840704015	1	0
GENE_0042	0.35647502051260616	1.5979224848408307	-0.7206798137428945	-0.5444224209349542	19	4631	6.588652042962385	0.0	5.855750856772616	0	0
GENE_0043	0.8717461427399151	0.8275909505183052	-0.7014481626296701	-0.6510979788967801	14	4021	6.806205191062773	0.7989951947996339	3.0510851876970175	0	0
GENE_0044	0.7610895578740967	0.9696409190651449	-0.5175026937554981	-0.45002385240028697	48	11727	3.646317177916102	0.0	8.549030999054619	1	0
GENE_0045	0.0933039480735122	1.6356883945809153	0.5267473319384613	0.9670249989208305	7	8379	7.142647216732172	4.420497100970047	7.032013103831481	0	0
GENE_0046	0.5070173256659487	1.2291101295312872	1.8039754108579857	-0.8140284588490754	64	12334	0.0	0.0	6.493218570048656	0	0
GENE_0047	0.33277507533055956	1.145040834638319	1.0184738379059703	-1.6582978224470695	45	14788	1.513694032705978	1.681279098271328	7.53775719860506	0	0
GENE_0048	0.7369377821115941	1.8082422749864688	0.11887631965216984	-0.042120702558146775	54	13426	4.940539528836887	7.532169186645551	5.480133727267767	0	1
GENE_0049	0.503580988424982	1.184113168322074	-0.0038484221431310667	-1.4156695391607355	36	12815	5.93690280612041	1.7300992590879152	8.959059033413148	0	0
GENE_0050	0.4451219432419226	1.3338238218410365	1.3399511340819381	-0.6016983017940887	26	9491	3.4794259982132423	6.898822237814601	7.643376757184995	0	0
GENE_0051	0.3655259753191884	1.4271921126397666	0.41854021983780604	0.5139912181412828	7	2482	7.998028549054652	9.62478306029454	4.83143972881651	0	0
GENE_0052	0.8567290150889285	1.0261576088760034	-0.43536112263832466	1.286011581256278	4	8521	5.8960403554471945	4.184140017826058	6.604105569219964	0	0
GENE_0053	0.5574337495490586	0.4243188920656651	-0.2930633596004664	-1.107855294169337	38	3578	1.8065025892332125	4.360724869890114	2.5401340830448453	0	0
GENE_0054	0.47645749180157	1.0632901422306562	1.4454217204603765	1.5498407258912423	68	8503	6.8551106018172625	6.197335383048926	6.5247092460089045	0	0
GENE_0055	0.36358551094725755	0.3072759399680214	-1.6308051807973276	0.20393179754537774	35	8984	3.9412885652224077	5.032438501335651	0.0	1	0
GENE_0056	0.25291253188359913	0.4630368807167673	-1.0057612903003201	0.5629065728878283	23	10978	7.863963773191726	7.1117847839969475	7.700109709380378	0	1
GENE_0057	0.3349961052740864	1.630641082241385	-0.5740503871384839	1.0491437095881706	24	2827	4.857647752010687	5.078600442502848	1.9856320261494673	0	0
GENE_0058	0.597384395898798	1.3646251566630703	-1.2290045703465777	-0.9101731388026613	3	5503	2.212320679110685	3.6796806526074968	7.705063501718009	0	0
GENE_0059	0.4926914018970891	0.3849569921436622	0.1048060131639872	0.16601348591871498	15	12855	5.628494185399049	5.6342208149718465	7.481507522106812	0	1
GENE_0060	0.2738472972143925	1.809716219865433	-0.8372037168116097	-0.3009944353513694	72	4008	8.381015076108277	6.991382552362048	8.563929127728734	0	0
GENE_0061	0.6937259375330906	1.9357907863082515	0.27546819898077	-0.23308205396801457	64	3149	6.674463995174008	7.996395956667666	9.86601686407638	0	0
GENE_0062	0.36053546399990855	1.6257399998318798	1.3604518879997618	0.9835631489085174	20	12317	2.4409651483877397	3.1100788865866553	6.890335685547867	0	0
GENE_0063	0.8214322039111085	0.33084959828605887	0.24214061555820618	0.8612898115272887	62	4942	2.2349004081852275	0.0	8.926323486292018	1	0
GENE_0064	0.6061405414409824	1.0516217636711034	0.8568996941348047	-0.31109777714249415	45	13359	3.7910961768355023	0.0	6.5177964874670415	0	0
GENE_0065	0.40744820380188074	0.16644021768557682	0.391591491999321	1.0009344029002836	58	1540	7.41351070939857	3.9935600464332466	2.7379223493001894	1	0
GENE_0066	0.3526923026162263	0.9899244332553043	-0.9062507141841329	-1.3169744234686231	60	11102	5.593062749762446	5.541600633554499	13.533133135172882	0	0
GENE_0067	0.3824721474962686	0.38553703662882066	1.2233815150691139	1.0018971976571505	8	8462	6.300965757134043	4.431453038251359	4.675903583132321	1	0
GENE_0068	0.7984249075001474	0.45238185326588654	0.7336187467926045	-1.137633036206591	65	14547	4.978011721316855	0.08703786669587732	0.0	0	0
GENE_0069	0.5891166703835867	0.3513556163846818	0.5382644316688263	0.12276810983311177	18	14086	6.219943495816537	6.449674324532117	13.938346096723357	0	0
GENE_0070	0.8462810939125033	0.31655264931059124	-0.43699278344508846	-1.4960285151906578	71	4475	0.0	0.5874077781589477	8.58845304571766	0	0
GENE_0071	0.6274749720920267	1.7044657233487055	-2.9266239452212783	0.5650932809843129	29	1861	5.251928027027044	3.7964060344485273	9.528585061904385	0	0
GENE_0072	0.5761518623509219	1.6930138685235692	0.27331402495427404	-0.8142033918435636	38	7728	3.7608635027219988	0.14995969812070697	0.6232615346801422	0	0
GENE_0073	0.45754359500458247	1.6846418518915638	-0.41711402509023143	1.7195936184274483	61	3199	6.449750367632856	4.968900054611424	4.651177730320485	0	0
GENE_0074	0.3058858942841778	0.38825036395921475	-0.29474710479532346	-0.035161382732661374	45	10531	2.1817407670749622	4.590335447564128	10.82551842570695	0	1
GENE_0075	0.6270459770443684	1.2637396390002604	0.6300446627476707	-0.2991695225994984	57	1795	3.9594174613945494	10.00029655013272	5.5091858584186175	0	0
GENE_0076	0.39669067745842235	1.7756185173599817	-0.40765122961654376	0.6702250575151484	64	6482	5.095046349993757	6.58033913789729	7.417307887129122	0	0
GENE_0077	0.26601659407878536	0.6054663728666856	0.5974499831629072	-0.995564670021442	75	3361	4.100172800717998	2.77380141412093	6.327527732361714	0	0
GENE_0078	0.5476148991417382	1.838913438865398	0.04824787706058884	-0.8962230488988585	6	10411	12.05807272173423	4.881710349720347	6.841089873807338	0	0
GENE_0079	0.7696500476517436	0.3279961461288967	0.620139815784235	0.0779032314783595	48	4102	5.714537698075706	1.616208691381047	1.457267720548744	0	1
GENE_0080	0.49797234763971465	0.12384924882527182	-0.23311156282896353	0.5026517405922791	6	12733	0.0	7.390275538276136	4.066728309690726	1	0
GENE_0081	0.3337287114627014	1.5171456347967582	1.3131714405199146	0.14947650342811875	73	11767	0.8781589805543799	1.5796234398913112	13.638943776665682	1	0
GENE_0082	0.7622869497776321	1.3086119741192725	1.9604491431685391	0.6197463126747162	16	7147	4.408936137358057	2.766322472886218	4.2614127442689735	0	0
GENE_0083	0.308620954831163	1.0731746925699035	-1.7506141439973966	-1.7586788132210152	64	13858	6.974515450370642	4.612714763283412	4.24445847485761	0	0
GENE_0084	0.6618775219835435	1.2582365892297354	-0.41398302921613495	0.8682706893505616	18	10008	5.967507985937721	6.567711353999329	11.351610576974686	0	0
GENE_0085	0.18026527648242113	1.484528903932622	-0.2548150645527082	-0.9379937698422345	51	3527	5.731052554896457	6.150497008375719	2.03436743160857	1	0
GENE_0086	0.5769003714960422	0.2192019832180485	0.05612305747355555	0.9054749917934742	78	1500	2.5988341145217073	7.635599262450821	4.231760072102436	0	0
GENE_0087	0.04832578339068546	1.7982937090897624	-0.9806983408767751	-0.16124382812822166	23	10347	6.739134576656548	2.5094352331877126	6.370981664425401	1	1
GENE_0088	0.40346582967463696	0.1333145052805833	0.5562755535520078	0.0068988694779633895	69	14114	8.800902449236974	5.832424843486788	2.898615800267041	0	0
GENE_0089	0.250976058932653	0.24511606265404984	-0.35023380302916257	0.18299055595686892	73	8071	8.508813457173023	5.133039022974354	9.177547066259542	0	1
GENE_0090	0.5659973218928074	0.424215427042149	-0.7053846707189627	-0.5141022138980484	22	14578	5.575052485823438	0.7286391234386764	4.197622315642128	0	0
GENE_0091	0.41769112180103124	0.33217811290350485	2.246557128628035	0.6070114182852069	4	8690	3.368760789933182	8.37873665458839	1.9481682184785605	0	0
GENE_0092	0.6549862749629646	1.110528422165547	0.9641326142951933	1.0250904461787442	12	10588	0.0	2.47214565945693	7.07530376003768	1	0
GENE_0093	0.21185882683785556	0.8042374992004988	0.9985581087506585	1.6348721266608883	10	2788	3.2300326491937117	0.34771726079279475	3.5954619279131754	0	0
GENE_0094	0.24270242223128383	1.6457680980077651	-0.3434746802063358	-0.44541171045838035	34	11528	3.0020801978264204	2.955661564459036	0.0	1	0
GENE_0095	0.3414610783089148	1.9727331568388489	1.2374090814075043	-0.4139093048846228	29	8604	6.513820804475063	5.570403413808005	10.513784782693548	0	0
GENE_0096	0.42832917177241847	1.4076332802282974	1.3324734189066676	-0.45646989506394453	26	11575	3.3251063383991353	1.3297147918905914	2.481755384179383	0	0
GENE_0097	0.11071099309104353	0.40421055598081224	-1.3864608844230861	-1.821982282708096	46	4739	7.400428941859866	0.3613021718354652	5.934524608783904	0	0
GENE_0098	0.6196765472120993	0.20406132203468186	-0.2550525071493091	-0.17652353634403717	16	5831	6.180375280665768	6.604744989140329	12.85799277165118	0	0
GENE_0099	0.7969385558126836	0.2016043807223431	-1.7426326565127075	1.8317900110984053	3	6918	5.638597251976057	5.711332314630283	4.2298746601978365	1	0
GENE_0100	0.701148228272301	0.2194090739004504	0.8917625856931047	-0.6354551845484318	25	10702	11.30031032730548	1.4417075055795756	2.6589753164602383	0	0
GENE_0101	0.46882562642766523	1.8940344017580526	-0.29591138970639885	0.10098114214619555	58	4137	4.92071080458174	4.98217758291549	3.210449645154797	1	0
GENE_0102	0.40532707004706864	0.1705958062073376	-1.7927634039108589	-0.48642784428980523	74	12252	4.317836879414758	2.6305460644827434	3.744429649752424	1	0
GENE_0103	0.5943893029683646	1.4896516198043561	-0.7260664466548078	1.4362592151106668	39	10782	8.090927220096457	1.4278400413596861	12.560877454017689	0	0
GENE_0104	0.7266645779437602	1.9879510930796078	1.66908410951355	-0.6214363074713107	73	13899	7.526537383581592	5.015837978735171	2.2483015577950667	0	0
GENE_0105	0.19173119756342533	1.6563957540314729	-1.167832882234797	-0.912486714210575	37	8827	5.661948670938276	6.970747955206443	2.6429088156477536	1	1
GENE_0106	0.13500867146557013	0.9233863157914302	-0.5338295469388155	0.07936461728672567	5	1705	1.7011824732968366	3.5220901855511695	12.33007746280985	1	0
GENE_0107	0.6572234628710435	0.2369251258609859	-1.1149161635408433	0.6787019827599605	3	2770	3.2242432887137418	2.2147293798711876	11.502366288166542	1	0
GENE_0108	0.1239177495913226	0.2821587165477113	0.37051969537622875	1.231356414557615	19	9629	11.49208659264075	6.0523273697530495	7.420794381354833	0	1
GENE_0109	0.6987203095305171	1.7249144070063087	0.935003350359947	0.7102863428393734	42	14643	3.201424924319732	1.9724698265863863	7.772813364476348	1	1
GENE_0110	0.4208309268469096	1.8517854960145013	-1.0698155104234177	0.2435326516941174	11	8318	4.319546162564328	1.4437417020554557	7.222545435477542	0	0
GENE_0111	0.3174106785354164	1.8713421802070698	-0.8157084651615095	1.3962134594682196	22	5730	9.144569453143419	4.233772587270043	4.714947696752022	0	0
GENE_0112	0.48351959253361104	0.23054808805459226	2.1876671428638725	0.9763448762485814	3	13710	5.873187227593025	5.028973651360292	1.8974770365745925	0	0
GENE_0113	0.17867085124880155	1.1069904255527645	0.6106183880548063	1.0955558825964495	56	8051	8.095403352292475	1.6352756718757453	1.2192142201701728	0	0
GENE_0114	0.4021039846770558	1.590849654537604	-0.3758885686522249	-1.1423497842752666	52	1338	4.956546836554808	1.9267946149241832	15.867707674695774	0	0
GENE_0115	0.22281384967777013	0.39794544121792574	-0.0898679688051896	-0.009341222215653394	55	6197	8.127128432537798	0.0	1.80220056934529	0	0
GENE_0116	0.15640367388304552	0.542288915056639	-1.7596645870726555	0.9886366913664518	52	10441	8.212148362491813	3.491063583184987	9.3007854038241	0	0
GENE_0117	0.4811957684521506	0.8684831139664841	-0.31322104165109715	-1.2032285454136686	32	4922	5.163702404869427	2.794142136524604	7.271688770089692	1	0
GENE_0118	0.235727235138906	0.9269950288073883	-0.47144892703581576	0.13727252821262576	16	13610	4.6673824529520065	3.329922136394662	6.135715529914606	0	1
GENE_0119	0.4803200092799761	0.8866998027937136	0.2535346722291077	0.988196275163072	70	7219	2.196146633348235	6.195682922991258	12.54322747069336	0	0
GENE_0120	0.4987045207892509	1.5802101082922761	-0.3353123026754586	0.7601822525002465	14	7995	0.0	1.053884732143672	0.0	0	0
GENE_0121	0.11190159571282449	0.8144101300512563	0.3994829245359298	0.9077530850074377	72	8539	3.4658227682217158	2.5736735810360205	5.598158214607425	1	0
GENE_0122	0.5974258154159804	1.1286813495606032	-0.024220569355301116	0.5536237009478602	31	6452	4.367276127319294	5.171663841627261	0.1538969419261642	1	1
GENE_0123	0.25539138320371735	0.11363121285302902	-1.1180565348831062	-0.6255451487707779	61	6609	3.5774396421536214	6.475870090867775	8.341535823694212	0	0
GENE_0124	0.7794385286372663	1.88516669986047	0.8270336725751378	-0.1544025268652576	70	5158	9.295078311636164	4.836942927931327	14.787040680790723	0	0
GENE_0125	0.3292569972158522	1.9436903323028671	-0.6757699162960964	1.532935432329483	2	9479	3.838241883894173	6.047914731465175	6.726670051507384	0	0
GENE_0126	0.2854426057414727	0.047690440340252716	-0.7849416400446905	1.4797012680007147	29	9238	8.097198546477951	3.2300382972696036	7.886578619849388	0	0
GENE_0127	0.19180214516108937	1.1526378124708523	-1.6776544602111354	-1.0761725832160787	61	11839	8.835269461112421	6.583449530673299	5.344890950241242	0	0
GENE_0128	0.5220315839712146	0.22134603421871746	0.1425568750338646	0.3455544667903038	3	8300	12.806758039947773	4.81582462901192	2.890913695430756	0	0
GENE_0129	0.6789616098525673	1.6013459419939096	-0.5098304705102338	-0.1020788893240702	51	8661	6.973099831768375	3.017159440477066	6.734964905622399	0	0
GENE_0130	0.3677804422878541	1.3843734708472848	0.993572000627495	0.5084148614030294	17	5912	1.3482252462054012	5.219075010996412	1.5381414281353694	0	1
GENE_0131	0.5960765443731962	0.7455308851425768	0.5468242296970595	-1.2695002123024415	15	3196	6.391762737373358	10.422732210303778	9.264639629804787	1	0
GENE_0132	0.45947179129537685	0.741620663949013	-0.5592126304652115	0.03146624631611668	45	4747	8.47695184147831	1.721074717484822	12.633104185588628	0	0
GENE_0133	0.06635834868250627	0.12543163907164612	-0.5296220740069081	1.2590271004595468	73	10885	7.148650380979701	6.292590380616984	6.6284355303548335	0	0
GENE_0134	0.10387074009687998	1.5644306800306425	2.2559251115641095	1.3699352305320458	72	14750	2.0602394201997023	4.898766945266766	10.758315517188711	0	0
GENE_0135	0.6819171633828384	0.688478239461827	0.538812902102753	-0.14190673329979184	58	10504	6.322588813484697	5.974121073460377	9.419433568539166	0	0
GENE_0136	0.7390486395889491	1.2401189633683138	0.5057548520392285	1.847094062947345	48	4933	5.48824897341085	1.629913356547834	4.441172706586715	0	0
GENE_0137	0.622069968696466	1.2624863777908262	0.08248124957052866	-1.2536049322786396	36	12974	11.396480400595337	4.142854989350687	6.784458752262623	1	0
GENE_0138	0.27366151471143507	1.358351996494905	2.2715218368790437	0.15541388273206996	72	8726	4.368163712361448	13.036462627975592	8.82764875399567	0	0
GENE_0139	0.534433362934575	1.5777575886338906	-0.2908628336230787	0.5730143288882544	18	14023	9.336298661608563	4.2425034281582645	7.499984767159422	0	1
GENE_0140	0.6590924154134976	0.1709920189229197	1.0431155502449339	-0.8087921938968812	4	12243	1.9682573591869996	7.212469661411853	2.5807571950280295	0	0
GENE_0141	0.686119369900243	0.9269985347587908	-0.8843188705534841	0.7609144788518815	24	1167	7.340842812812013	9.558379088496531	12.684838155365831	0	0
GENE_0142	0.8797948416859938	1.1685142002789466	0.2558576783769422	1.3915937664073017	3	13181	6.28933097053	0.748842438649397	9.82820504747973	1	0
GENE_0143	0.36980607267950544	1.7168815941958122	0.9124674267596864	0.40765009578861516	61	5877	4.8158256056334325	5.54821904332146	10.278537278237382	0	0
GENE_0144	0.5374716305321191	0.6575866256497473	-1.6218269095584203	-0.7867347884368973	22	4461	5.9700814797977815	5.809780675625031	4.134844620276128	0	0
GENE_0145	0.05349022216021155	0.8445332702833848	1.344053064533339	-1.4539511437151393	7	12031	7.131281587501231	8.125954259126384	11.645264847976177	1	1
GENE_0146	0.7799034354338273	0.14835243506189166	0.19885326462394454	-1.3232937173883559	33	3966	8.059606521912267	1.3099539539869465	0.8838626023578922	1	0
GENE_0147	0.35527167881491	1.714949878277028	1.7825448079027546	0.14653515707801804	6	9690	4.9258492291688825	1.4163744848268123	1.6584435701975124	0	0
GENE_0148	0.19708855572472772	1.3952591400677905	0.6222787623924527	1.1216071929293225	78	12667	6.565431226225299	0.0	12.614743655782657	0	0
GENE_0149	0.6600272852743201	0.2369705909855364	0.5360701942912979	-1.4744023343317312	34	5183	2.135243470165826	5.35436712364746	5.807763805267245	1	0
GENE_0150	0.32230333744544976	0.8814103503467188	-1.199581246538526	-0.6123345397271148	38	701	9.889625278415192	8.496559616745058	8.290326903309152	0	0
GENE_0151	0.685594552298594	1.774236034131125	0.5783190380942177	-1.1578025458618286	59	902	8.358782458676938	0.0	7.364770762726422	1	0
GENE_0152	0.6087909668822478	0.33445592443977756	-0.025398559516347598	-1.3306862066422331	58	12177	2.2218270863500456	5.087364885030087	12.020937890295055	0	0
GENE_0153	0.9041683323500392	1.1961693881780202	1.258486209173616	1.6532432779532835	47	3795	0.0	5.6857764505156645	10.106025531283901	0	0
GENE_0154	0.9666923274766648	0.7320085810017865	-0.9917200030688772	0.5692562000751389	31	6713	4.371951233475111	2.4709427091417506	8.290529170519157	0	0
GENE_0155	0.40268265626310523	1.8682023804422663	-0.6833827156144319	-0.9005161359790995	76	2933	6.0372689461509745	0.09136793602738091	2.5682456278199943	0	0
GENE_0156	0.15519744417445838	0.4299293812853726	-1.1218105809123575	0.5667224164234275	74	7170	0.0	3.5948235717147585	7.405214887836905	1	0
GENE_0157	0.48331573209480994	1.6488353079846305	1.3538035471529195	-0.12037362950822432	23	427	5.3205350132087155	0.9701370569581793	8.835879662417515	0	0
GENE_0158	0.8321589342625222	1.163728768255242	0.1830286203640746	0.48671209767136814	18	1397	4.07492191876532	2.7376935697606903	11.49218079956536	0	0
GENE_0159	0.6500431741829144	0.5296811817758558	-0.6779111585730311	-0.9710364236870116	2	13330	0.2607595996221832	0.0	12.753761456550599	0	0
GENE_0160	0.23707664549818538	0.12707632240466915	-0.4389552942517097	-0.6049230189308664	50	3197	5.699813209079802	4.861527840434169	5.101011500964636	0	0
GENE_0161	0.3200390958951225	1.0298842929539354	-0.23673600320065685	0.08151452730979677	19	8720	5.7118051695594865	3.0199210847367994	7.08573519137509	0	0
GENE_0162	0.7910906059404568	0.07468736107469898	-1.1597860234366133	-0.5573033637204297	39	5697	8.300703919149102	0.0	4.236211064908622	0	0
GENE_0163	0.3228176768468171	1.3952889474267847	-0.1882624754168392	1.273322640564737	48	6382	1.8251312297573388	4.979241050202556	4.496952495073953	0	0
GENE_0164	0.1836340891024	0.4797180420039646	-0.2583489154189151	-0.028689297907971884	51	4920	2.817569705777217	4.0714356642323475	2.745447167736066	1	0
GENE_0165	0.6261307561889435	1.9150472759541013	0.9038848713163906	1.8541343334323166	74	1991	5.626320097721413	0.0	2.2592398798378994	0	0
GENE_0166	0.05020382247301697	1.3742171692443736	0.3012438738852589	-2.241483594491434	73	8248	7.052776525170824	12.227946020920989	5.397057481988625	0	0
GENE_0167	0.17074569583461216	1.583192035635538	0.8124509712320148	-1.9887415204749272	55	14034	2.804346622656414	0.6382076139596817	2.716984913922618	1	1
GENE_0168	0.462850570527988	0.9011461246518997	0.3745607817173093	2.094922760901955	32	6594	0.7845342094220618	2.4416822704920818	4.123032868520015	0	0
GENE_0169	0.19949788131043822	0.670193864988738	-1.8196004557722136	0.48328272942061173	41	14215	4.471089705903417	5.143855556051378	7.485292896214989	0	0
GENE_0170	0.33009024418184973	0.4620079880255119	1.511516239236544	-0.3178406663099062	30	1520	5.885669380345134	4.583098014905428	5.403702032489384	1	0
GENE_0171	0.3657547744649673	1.0401996331279753	0.639810594064202	0.5600350974855939	42	1196	7.0774561033255505	0.0	10.20530867874977	0	0
GENE_0172	0.49607645474346423	1.4287679378409313	-0.5869334835995978	0.9579611704647234	17	9108	6.903318599862951	4.758065652817816	8.678374315995843	0	1
GENE_0173	0.6844782698360522	0.9335923445267829	1.0411695620421204	-1.336652046906411	30	11569	0.0023647582717005733	4.210526160041537	11.10486165227909	1	1
GENE_0174	0.47534322903296405	1.325290592790479	-0.36667841984368066	0.18328460135215432	72	12033	4.376952105562532	6.093274639333254	10.342841539811365	0	0
GENE_0175	0.33055223019923696	0.5921521989076832	0.7428937323759011	1.1701335383424907	49	10274	3.743388332478454	8.142542185872955	7.2063263499998715	1	1
GENE_0176	0.6402252869678016	0.7506360842137465	-1.4949514048087253	1.4299263767495123	25	6264	7.46945010908845	7.818974702156684	6.541247271346016	1	0
GENE_0177	0.8312811803002481	1.8435143929647269	1.1330101118586913	0.9456022935024756	61	9080	2.984134666772042	0.0	9.051170708903317	0	0
GENE_0178	0.9683224534878637	1.8652886843801766	-1.2176719885545526	-1.2960346163143632	32	11088	9.109124160262565	3.7298063274717843	5.312403952988529	1	0
GENE_0179	0.8840426305754933	0.9845026848952017	0.1484252453800181	1.3547624415953083	62	4633	1.2897321925651477	1.0909585275600566	0.0	0	0
GENE_0180	0.5901351512017335	1.7453552763831754	0.020080502605377106	1.1648366542015318	54	6737	1.6090780695611588	3.932679824154799	0.8031404667513478	0	0
GENE_0181	0.38200903010138687	1.9858690057558837	0.22288783235578297	-1.1590877538506197	68	4072	7.854163031039821	1.7151843423067774	2.944672490135119	0	0
GENE_0182	0.7694818984719515	1.2895269368366562	0.5367463875144715	-0.9261614649808579	80	12239	4.35832447969596	7.4793755514641616	11.906138938873852	0	0
GENE_0183	0.8995176043983479	1.6379904033319173	-2.5203118190311224	-1.6491030252975116	16	8265	8.534128346056267	5.061979111704544	6.5002724060566335	0	0
GENE_0184	0.49910780380042186	0.9343709596377183	0.949842464016702	-2.157774098995931	62	1976	1.3008833018578954	2.8087890812962533	7.4263948010932275	1	0
GENE_0185	0.8369505105901094	1.7926826986712785	0.9668117284088159	-1.459597108505126	45	7465	8.776123978453619	3.3546439827299124	10.883412376017851	1	0
GENE_0186	0.29346714823639686	1.9835598542883381	-0.46468959712701247	-0.011819699387006145	30	1209	6.7814324941796595	9.777105260514148	4.251743042164998	0	1
GENE_0187	0.26094172086803213	1.242270514597626	-0.7558504384523103	0.6993411444713741	41	13118	6.2621212610763415	0.637755170354267	4.129576331444387	0	0
GENE_0188	0.824668782833644	0.07706214066899153	0.17100431620207454	0.9722968163258149	35	12456	4.547626860340132	3.954742617089646	7.136679900847193	1	0
GENE_0189	0.7571686724636597	1.0847750484818068	-0.6082591433828156	-0.923392384100361	52	1130	2.426148996164637	2.4138097930161666	5.810113412139697	0	0
GENE_0190	0.6869805560696053	1.581278897489996	0.9961662860098393	-0.7692680762235026	72	6354	11.745588934001912	0.0	3.7260307129422183	0	1
GENE_0191	0.5019128319963319	0.7813180797077244	-0.902496996202125	0.9674409658663595	76	10703	1.8134953331499473	1.2025202632350118	6.02029365256151	0	1
GENE_0192	0.5237461820351058	0.16061398337643418	0.43234448490293625	1.6887457887118846	74	11740	1.6057084620379944	2.3221404918868194	6.629348757117016	1	0
GENE_0193	0.6277892184955548	1.7750279074165802	2.0405926129822536	1.5096589590140281	31	3133	2.013536698577628	0.0	7.398612802354455	0	0
GENE_0194	0.8262001467245721	0.21055937661276314	1.5080850820426086	1.1455902918205365	48	6464	6.154467565269903	0.0	4.321809625341815	0	0
GENE_0195	0.36166510854630174	0.013386713705932252	-0.3277834178528152	-0.4673944375422862	61	2160	6.970074361995439	6.813274567731828	12.26104449040718	0	0
GENE_0196	0.8768050361783075	0.9477404617788276	0.592311938240025	-1.0861688936857272	79	414	3.9575016652176025	5.951149032400977	2.849362154417402	0	0
GENE_0197	0.30439006165462745	1.1644601146848061	0.5564627395983252	0.06789620414129986	55	13370	6.819687396232476	1.6430928673720118	7.381682510657786	0	0
GENE_0198	0.14287325552268412	0.2814076152095579	0.20688391306257564	-0.28937995503025854	17	6699	6.618267225746405	2.457371628234518	2.43248357618668	0	0
GENE_0199	0.7907176452170864	0.6407152699011549	-0.043255862985491667	0.17578353775545794	40	10696	6.512301493452679	4.654964640274319	4.735630330847486	0	0
